"feature","chi2","p","n_target","n_reference","direction"
"innen",9.74918267088484,0.00179402462666112,6,0,"Left-leaning"
"ausländerfeindlich",6.63453340931284,0.0100020390355499,7,2,"Left-leaning"
"rassistisch",5.07843014365302,0.0242252946962971,8,4,"Left-leaning"
"egal",5.04991327242708,0.0246271709795302,5,1,"Left-leaning"
"rechts",4.72550545055175,0.0297184475473455,16,16,"Left-leaning"
"verschlossen",4.27516592425188,0.0386731879343617,9,7,"Left-leaning"
"finden",3.59802094023667,0.0578483986652408,3,0,"Left-leaning"
"ländlich",3.59802094023667,0.0578483986652408,3,0,"Left-leaning"
"negativ",3.59802094023667,0.0578483986652408,3,0,"Left-leaning"
"unglücklich",3.59802094023667,0.0578483986652408,3,0,"Left-leaning"
"vorurteile",3.59802094023667,0.0578483986652408,3,0,"Left-leaning"
"ändern",3.59802094023667,0.0578483986652408,3,0,"Left-leaning"
"person",3.4617956269576,0.0628020799009275,6,3,"Left-leaning"
"menschen",2.52761864693437,0.111868930590688,29,42,"Right-leaning"
"stur",2.34157398936304,0.125962222556635,8,8,"Left-leaning"
"denen",2.19399648534418,0.138549415386663,8,7,"Left-leaning"
"eigene",2.12804550328767,0.144625063641177,5,3,"Left-leaning"
"jemand",1.88247811589193,0.170052760824552,4,2,"Left-leaning"
"bereit",1.68527388740405,0.194225148295006,3,1,"Left-leaning"
"gehen",1.68527388740405,0.194225148295006,3,1,"Left-leaning"
"geht",1.68527388740405,0.194225148295006,3,1,"Left-leaning"
"gleich",1.68527388740405,0.194225148295006,3,1,"Left-leaning"
"interessieren",1.68527388740405,0.194225148295006,3,1,"Left-leaning"
"oft",1.68527388740405,0.194225148295006,3,1,"Left-leaning"
"orientiert",1.68527388740405,0.194225148295006,3,1,"Left-leaning"
"schlechte",1.68527388740405,0.194225148295006,3,1,"Left-leaning"
"umwelt",1.68527388740405,0.194225148295006,3,1,"Left-leaning"
"unternehmer",1.68527388740405,0.194225148295006,3,1,"Left-leaning"
"weniger",1.68527388740405,0.194225148295006,3,1,"Left-leaning"
"bünzlig",0.727260156426263,0.393772722577341,3,2,"Left-leaning"
"eingebildet",0.727260156426263,0.393772722577341,3,2,"Left-leaning"
"fremden",0.727260156426263,0.393772722577341,3,2,"Left-leaning"
"geizig",0.727260156426263,0.393772722577341,3,2,"Left-leaning"
"offen",0.727260156426263,0.393772722577341,3,2,"Left-leaning"
"wert",0.727260156426263,0.393772722577341,3,2,"Left-leaning"
"intolerant",0.612216588973271,0.433954443834101,6,7,"Right-leaning"
"asozial",0.49062015932253,0.48365079594934,4,4,"Left-leaning"
"fremdenfeindlich",0.49062015932253,0.48365079594934,4,4,"Left-leaning"
"meinungen",0.49062015932253,0.48365079594934,4,4,"Left-leaning"
"reiche",0.49062015932253,0.48365079594934,4,4,"Left-leaning"
"uninteressiert",0.49062015932253,0.48365079594934,4,4,"Left-leaning"
"darauf",0.435870714441013,0.509122248893409,2,1,"Left-leaning"
"egozentrisch",0.435870714441013,0.509122248893409,2,1,"Left-leaning"
"geben",0.435870714441013,0.509122248893409,2,1,"Left-leaning"
"gute",0.435870714441013,0.509122248893409,2,1,"Left-leaning"
"kompliziert",0.435870714441013,0.509122248893409,2,1,"Left-leaning"
"lebensstil",0.435870714441013,0.509122248893409,2,1,"Left-leaning"
"liebe",0.435870714441013,0.509122248893409,2,1,"Left-leaning"
"neuem",0.435870714441013,0.509122248893409,2,1,"Left-leaning"
"politischen",0.435870714441013,0.509122248893409,2,1,"Left-leaning"
"protzig",0.435870714441013,0.509122248893409,2,1,"Left-leaning"
"soziales",0.435870714441013,0.509122248893409,2,1,"Left-leaning"
"status",0.435870714441013,0.509122248893409,2,1,"Left-leaning"
"svp-wähler",0.435870714441013,0.509122248893409,2,1,"Left-leaning"
"teil",0.435870714441013,0.509122248893409,2,1,"Left-leaning"
"traditionell",0.435870714441013,0.509122248893409,2,1,"Left-leaning"
"verständnis",0.435870714441013,0.509122248893409,2,1,"Left-leaning"
"wähler",0.435870714441013,0.509122248893409,2,1,"Left-leaning"
"egoistisch",0.398721406917018,0.527750315315207,13,22,"Right-leaning"
"politisch",0.312437368381254,0.576188355942994,9,15,"Right-leaning"
"engstirnig",0.278243264558516,0.597854961751103,11,19,"Right-leaning"
"bedacht",0.246877201279396,0.619282570315889,3,3,"Left-leaning"
"gegenüber",0.246877201279396,0.619282570315889,3,3,"Left-leaning"
"konservative",0.246877201279396,0.619282570315889,3,3,"Left-leaning"
"rechthaberisch",0.246877201279396,0.619282570315889,3,3,"Left-leaning"
"welt",0.246877201279396,0.619282570315889,3,3,"Left-leaning"
"land",0.185117455384495,0.667011771557616,4,5,"Right-leaning"
"svp",0.185117455384495,0.667011771557616,4,5,"Right-leaning"
"wichtig",0.185117455384495,0.667011771557616,4,5,"Right-leaning"
"meinung",0.160490681451648,0.688705159646419,10,18,"Right-leaning"
"geld",0.155385963020906,0.693440574330848,11,20,"Right-leaning"
"egoisten",0.155170822698012,0.693642112877572,5,7,"Right-leaning"
"akademiker",0.139562243716303,0.708716589607321,2,3,"Right-leaning"
"auto",0.139562243716303,0.708716589607321,2,3,"Right-leaning"
"bünzli",0.139562243716303,0.708716589607321,2,3,"Right-leaning"
"drogen",0.139562243716303,0.708716589607321,2,3,"Right-leaning"
"gebildet",0.139562243716303,0.708716589607321,2,3,"Right-leaning"
"gewalttätig",0.139562243716303,0.708716589607321,2,3,"Right-leaning"
"gut",0.139562243716303,0.708716589607321,2,3,"Right-leaning"
"interessen",0.139562243716303,0.708716589607321,2,3,"Right-leaning"
"kleinlich",0.139562243716303,0.708716589607321,2,3,"Right-leaning"
"kultur",0.139562243716303,0.708716589607321,2,3,"Right-leaning"
"laut",0.139562243716303,0.708716589607321,2,3,"Right-leaning"
"nationalistisch",0.139562243716303,0.708716589607321,2,3,"Right-leaning"
"wichtiger",0.139562243716303,0.708716589607321,2,3,"Right-leaning"
"arrogant",0.0750427182018792,0.784131300007188,6,11,"Right-leaning"
"arbeitslose",0.0514933410882478,0.820484828203923,2,2,"Left-leaning"
"einstellung",0.0514933410882478,0.820484828203923,2,2,"Left-leaning"
"grossen",0.0514933410882478,0.820484828203923,2,2,"Left-leaning"
"horizont",0.0514933410882478,0.820484828203923,2,2,"Left-leaning"
"interessiert",0.0514933410882478,0.820484828203923,2,2,"Left-leaning"
"kosten",0.0514933410882478,0.820484828203923,2,2,"Left-leaning"
"politische",0.0514933410882478,0.820484828203923,2,2,"Left-leaning"
"rassisten",0.0514933410882478,0.820484828203923,2,2,"Left-leaning"
"richtig",0.0514933410882478,0.820484828203923,2,2,"Left-leaning"
"unflexibel",0.0514933410882478,0.820484828203923,2,2,"Left-leaning"
"ungepflegt",0.0514933410882478,0.820484828203923,2,2,"Left-leaning"
"vielleicht",0.0514933410882478,0.820484828203923,2,2,"Left-leaning"
"werte",0.0514933410882478,0.820484828203923,2,2,"Left-leaning"
"rechtsextrem",0.0396530069974598,0.84216056330813,3,4,"Right-leaning"
"mehr",0.0359975894239887,0.849520470536799,4,6,"Right-leaning"
"familie",0.0052807027281704,0.942069960314097,3,6,"Right-leaning"
"angst",0.00351458469410635,0.952725958333478,2,4,"Right-leaning"
"hinterfragen",0.00351458469410635,0.952725958333478,2,4,"Right-leaning"
"introvertiert",0.00351458469410635,0.952725958333478,2,4,"Right-leaning"
"karriere",0.00351458469410635,0.952725958333478,2,4,"Right-leaning"
"neues",0.00351458469410635,0.952725958333478,2,4,"Right-leaning"
"selber",0.00351458469410635,0.952725958333478,2,4,"Right-leaning"
"ständig",0.00351458469410635,0.952725958333478,2,4,"Right-leaning"
"tun",0.00351458469410635,0.952725958333478,2,4,"Right-leaning"
"umfeld",0.00351458469410635,0.952725958333478,2,4,"Right-leaning"
"zufrieden",0.00351458469410635,0.952725958333478,2,4,"Right-leaning"
"ängstlich",0.00351458469410635,0.952725958333478,2,4,"Right-leaning"
"alkohol",0.00175436026860982,0.966590307140989,1,2,"Right-leaning"
"alternativen",0.00175436026860982,0.966590307140989,1,2,"Right-leaning"
"altmodisch",0.00175436026860982,0.966590307140989,1,2,"Right-leaning"
"arbeiter",0.00175436026860982,0.966590307140989,1,2,"Right-leaning"
"behandelt",0.00175436026860982,0.966590307140989,1,2,"Right-leaning"
"bilden",0.00175436026860982,0.966590307140989,1,2,"Right-leaning"
"egoistische",0.00175436026860982,0.966590307140989,1,2,"Right-leaning"
"eigenbrötler",0.00175436026860982,0.966590307140989,1,2,"Right-leaning"
"freunde",0.00175436026860982,0.966590307140989,1,2,"Right-leaning"
"gebildete",0.00175436026860982,0.966590307140989,1,2,"Right-leaning"
"isoliert",0.00175436026860982,0.966590307140989,1,2,"Right-leaning"
"jahren",0.00175436026860982,0.966590307140989,1,2,"Right-leaning"
"laufen",0.00175436026860982,0.966590307140989,1,2,"Right-leaning"
"lebende",0.00175436026860982,0.966590307140989,1,2,"Right-leaning"
"liebsten",0.00175436026860982,0.966590307140989,1,2,"Right-leaning"
"mitmenschen",0.00175436026860982,0.966590307140989,1,2,"Right-leaning"
"moment",0.00175436026860982,0.966590307140989,1,2,"Right-leaning"
"natur",0.00175436026860982,0.966590307140989,1,2,"Right-leaning"
"oberflächliche",0.00175436026860982,0.966590307140989,1,2,"Right-leaning"
"profit",0.00175436026860982,0.966590307140989,1,2,"Right-leaning"
"rassistische",0.00175436026860982,0.966590307140989,1,2,"Right-leaning"
"realitätsfremd",0.00175436026860982,0.966590307140989,1,2,"Right-leaning"
"rechte",0.00175436026860982,0.966590307140989,1,2,"Right-leaning"
"rechtsradikale",0.00175436026860982,0.966590307140989,1,2,"Right-leaning"
"rücksichtslos",0.00175436026860982,0.966590307140989,1,2,"Right-leaning"
"schlecht",0.00175436026860982,0.966590307140989,1,2,"Right-leaning"
"sozialen",0.00175436026860982,0.966590307140989,1,2,"Right-leaning"
"statussymbole",0.00175436026860982,0.966590307140989,1,2,"Right-leaning"
"steuern",0.00175436026860982,0.966590307140989,1,2,"Right-leaning"
"traditionen",0.00175436026860982,0.966590307140989,1,2,"Right-leaning"
"unfreundlich",0.00175436026860982,0.966590307140989,1,2,"Right-leaning"
"verantwortung",0.00175436026860982,0.966590307140989,1,2,"Right-leaning"
"verschlossene",0.00175436026860982,0.966590307140989,1,2,"Right-leaning"
"vertreten",0.00175436026860982,0.966590307140989,1,2,"Right-leaning"
"verurteilen",0.00175436026860982,0.966590307140989,1,2,"Right-leaning"
"völlig",0.00175436026860982,0.966590307140989,1,2,"Right-leaning"
"luxus",-0.000755870175210467,0.97806644857284,3,8,"Right-leaning"
"dumm",-0.00335200899280918,0.953831041596824,2,6,"Right-leaning"
"immer",-0.00343982462628084,0.953230870515475,6,13,"Right-leaning"
"denkend",-0.0111587292665455,0.915872044095271,1,4,"Right-leaning"
"desinteressiert",-0.0111587292665455,0.915872044095271,1,4,"Right-leaning"
"eigensinnig",-0.0111587292665455,0.915872044095271,1,4,"Right-leaning"
"macht",-0.0111587292665455,0.915872044095271,1,4,"Right-leaning"
"nie",-0.0111587292665455,0.915872044095271,1,4,"Right-leaning"
"oberflächlich",-0.0111587292665455,0.915872044095271,1,4,"Right-leaning"
"rechtsextreme",-0.0111587292665455,0.915872044095271,1,4,"Right-leaning"
"rückständig",-0.0111587292665455,0.915872044095271,1,4,"Right-leaning"
"snobs",-0.0111587292665455,0.915872044095271,1,4,"Right-leaning"
"wenig",-0.0123520130925824,0.911505638404535,4,9,"Right-leaning"
"eher",-0.0223797629957741,0.881081255109026,3,7,"Right-leaning"
"faul",-0.0336636244614485,0.854424159462371,4,11,"Right-leaning"
"abgehoben",-0.0424796111452783,0.836708248677798,2,5,"Right-leaning"
"ausbildung",-0.0424796111452783,0.836708248677798,2,5,"Right-leaning"
"konsum",-0.0424796111452783,0.836708248677798,2,5,"Right-leaning"
"sehen",-0.0424796111452783,0.836708248677798,2,5,"Right-leaning"
"eigenen",-0.081177066166627,0.775708579453556,2,7,"Right-leaning"
"staat",-0.081177066166627,0.775708579453556,2,7,"Right-leaning"
"aggressiv",-0.0953008342860683,0.757543405145604,1,3,"Right-leaning"
"ansichten",-0.0953008342860683,0.757543405145604,1,3,"Right-leaning"
"arm",-0.0953008342860683,0.757543405145604,1,3,"Right-leaning"
"besser",-0.0953008342860683,0.757543405145604,1,3,"Right-leaning"
"dafür",-0.0953008342860683,0.757543405145604,1,3,"Right-leaning"
"familien",-0.0953008342860683,0.757543405145604,1,3,"Right-leaning"
"gibt",-0.0953008342860683,0.757543405145604,1,3,"Right-leaning"
"grosse",-0.0953008342860683,0.757543405145604,1,3,"Right-leaning"
"lebensweise",-0.0953008342860683,0.757543405145604,1,3,"Right-leaning"
"linken",-0.0953008342860683,0.757543405145604,1,3,"Right-leaning"
"reich",-0.0953008342860683,0.757543405145604,1,3,"Right-leaning"
"respektlos",-0.0953008342860683,0.757543405145604,1,3,"Right-leaning"
"schauen",-0.0953008342860683,0.757543405145604,1,3,"Right-leaning"
"schweizer",-0.0953008342860683,0.757543405145604,1,3,"Right-leaning"
"sorgen",-0.0953008342860683,0.757543405145604,1,3,"Right-leaning"
"steht",-0.0953008342860683,0.757543405145604,1,3,"Right-leaning"
"unehrlich",-0.0953008342860683,0.757543405145604,1,3,"Right-leaning"
"unzufrieden",-0.0953008342860683,0.757543405145604,1,3,"Right-leaning"
"weltoffen",-0.0953008342860683,0.757543405145604,1,3,"Right-leaning"
"z.b",-0.0953008342860683,0.757543405145604,1,3,"Right-leaning"
"ziele",-0.0953008342860683,0.757543405145604,1,3,"Right-leaning"
"zurückgezogen",-0.0953008342860683,0.757543405145604,1,3,"Right-leaning"
"ignorant",-0.143110528589469,0.705208100234683,1,5,"Right-leaning"
"kommt",-0.143110528589469,0.705208100234683,1,5,"Right-leaning"
"lebend",-0.143110528589469,0.705208100234683,1,5,"Right-leaning"
"politik",-0.143110528589469,0.705208100234683,1,5,"Right-leaning"
"sozial",-0.143110528589469,0.705208100234683,1,5,"Right-leaning"
"verschwenderisch",-0.143110528589469,0.705208100234683,1,5,"Right-leaning"
"überheblich",-0.143110528589469,0.705208100234683,1,5,"Right-leaning"
"konservativ",-0.205252432672866,0.65051422395427,7,18,"Right-leaning"
"ausgeben",-0.332277178579823,0.564321269459134,0,3,"Right-leaning"
"besserwisser",-0.332277178579823,0.564321269459134,0,3,"Right-leaning"
"corona",-0.332277178579823,0.564321269459134,0,3,"Right-leaning"
"diskutieren",-0.332277178579823,0.564321269459134,0,3,"Right-leaning"
"einkommen",-0.332277178579823,0.564321269459134,0,3,"Right-leaning"
"einsiedler",-0.332277178579823,0.564321269459134,0,3,"Right-leaning"
"einstellungen",-0.332277178579823,0.564321269459134,0,3,"Right-leaning"
"folgen",-0.332277178579823,0.564321269459134,0,3,"Right-leaning"
"fragen",-0.332277178579823,0.564321269459134,0,3,"Right-leaning"
"hause",-0.332277178579823,0.564321269459134,0,3,"Right-leaning"
"hochnäsig",-0.332277178579823,0.564321269459134,0,3,"Right-leaning"
"intolerante",-0.332277178579823,0.564321269459134,0,3,"Right-leaning"
"kulturell",-0.332277178579823,0.564321269459134,0,3,"Right-leaning"
"künstler",-0.332277178579823,0.564321269459134,0,3,"Right-leaning"
"linke",-0.332277178579823,0.564321269459134,0,3,"Right-leaning"
"materiell",-0.332277178579823,0.564321269459134,0,3,"Right-leaning"
"möchte",-0.332277178579823,0.564321269459134,0,3,"Right-leaning"
"möchten",-0.332277178579823,0.564321269459134,0,3,"Right-leaning"
"müssen",-0.332277178579823,0.564321269459134,0,3,"Right-leaning"
"naiv",-0.332277178579823,0.564321269459134,0,3,"Right-leaning"
"narzisstisch",-0.332277178579823,0.564321269459134,0,3,"Right-leaning"
"nehmen",-0.332277178579823,0.564321269459134,0,3,"Right-leaning"
"normale",-0.332277178579823,0.564321269459134,0,3,"Right-leaning"
"persönliche",-0.332277178579823,0.564321269459134,0,3,"Right-leaning"
"rand",-0.332277178579823,0.564321269459134,0,3,"Right-leaning"
"rücksicht",-0.332277178579823,0.564321269459134,0,3,"Right-leaning"
"schau",-0.332277178579823,0.564321269459134,0,3,"Right-leaning"
"seite",-0.332277178579823,0.564321269459134,0,3,"Right-leaning"
"stellen",-0.332277178579823,0.564321269459134,0,3,"Right-leaning"
"städter",-0.332277178579823,0.564321269459134,0,3,"Right-leaning"
"toleranz",-0.332277178579823,0.564321269459134,0,3,"Right-leaning"
"unhöflich",-0.332277178579823,0.564321269459134,0,3,"Right-leaning"
"unzuverlässig",-0.332277178579823,0.564321269459134,0,3,"Right-leaning"
"veränderungen",-0.332277178579823,0.564321269459134,0,3,"Right-leaning"
"denken",-0.335419472435493,0.56248519819874,3,11,"Right-leaning"
"gesellschaft",-0.373739381113819,0.540973007263914,1,6,"Right-leaning"
"interessant",-0.373739381113819,0.540973007263914,1,6,"Right-leaning"
"ungebildet",-0.373739381113819,0.540973007263914,1,6,"Right-leaning"
"dass",-0.455285931360672,0.499835379995201,2,9,"Right-leaning"
"extrem",-0.545195431976575,0.460287510745634,3,12,"Right-leaning"
"akzeptieren",-0.712906838387705,0.39848049773904,0,4,"Right-leaning"
"arbeit",-0.712906838387705,0.39848049773904,0,4,"Right-leaning"
"denkende",-0.712906838387705,0.39848049773904,0,4,"Right-leaning"
"gelten",-0.712906838387705,0.39848049773904,0,4,"Right-leaning"
"ideen",-0.712906838387705,0.39848049773904,0,4,"Right-leaning"
"jedoch",-0.712906838387705,0.39848049773904,0,4,"Right-leaning"
"kennen",-0.712906838387705,0.39848049773904,0,4,"Right-leaning"
"kommen",-0.712906838387705,0.39848049773904,0,4,"Right-leaning"
"könnten",-0.712906838387705,0.39848049773904,0,4,"Right-leaning"
"lassen",-0.712906838387705,0.39848049773904,0,4,"Right-leaning"
"lebt",-0.712906838387705,0.39848049773904,0,4,"Right-leaning"
"partygänger",-0.712906838387705,0.39848049773904,0,4,"Right-leaning"
"radikal",-0.712906838387705,0.39848049773904,0,4,"Right-leaning"
"regeln",-0.712906838387705,0.39848049773904,0,4,"Right-leaning"
"schule",-0.712906838387705,0.39848049773904,0,4,"Right-leaning"
"schweiz",-0.712906838387705,0.39848049773904,0,4,"Right-leaning"
"total",-0.712906838387705,0.39848049773904,0,4,"Right-leaning"
"unsere",-0.712906838387705,0.39848049773904,0,4,"Right-leaning"
"verhalten",-0.712906838387705,0.39848049773904,0,4,"Right-leaning"
"vorteil",-0.712906838387705,0.39848049773904,0,4,"Right-leaning"
"warum",-0.712906838387705,0.39848049773904,0,4,"Right-leaning"
"personen",-0.873258012979367,0.350054929234603,9,27,"Right-leaning"
"arbeiten",-1.00016914132788,0.317269584074212,1,8,"Right-leaning"
"ganz",-1.00016914132788,0.317269584074212,1,8,"Right-leaning"
"etc",-1.13223489514764,0.287299133338373,0,5,"Right-leaning"
"gleichgültig",-1.13223489514764,0.287299133338373,0,5,"Right-leaning"
"kinder",-1.13223489514764,0.287299133338373,0,5,"Right-leaning"
"schmarotzer",-1.13223489514764,0.287299133338373,0,5,"Right-leaning"
"tag",-1.13223489514764,0.287299133338373,0,5,"Right-leaning"
"weltfremd",-1.13223489514764,0.287299133338373,0,5,"Right-leaning"
"alternativ",-1.57117809782215,0.210036007815766,0,6,"Right-leaning"
"grün",-1.57117809782215,0.210036007815766,0,6,"Right-leaning"
"langweilig",-1.57117809782215,0.210036007815766,0,6,"Right-leaning"
"stadt",-1.57117809782215,0.210036007815766,0,6,"Right-leaning"
"stark",-1.57117809782215,0.210036007815766,0,6,"Right-leaning"
"wissen",-1.57117809782215,0.210036007815766,0,6,"Right-leaning"
"leben",-1.93773488400036,0.163914688050817,8,29,"Right-leaning"
"ahnung",-2.02155841851307,0.155079910347944,0,7,"Right-leaning"
"extreme",-2.02155841851307,0.155079910347944,0,7,"Right-leaning"
"leute",-2.29843475438618,0.129504445766075,19,59,"Right-leaning"
"grüne",-2.47928728923964,0.115354514212381,0,8,"Right-leaning"
"links",-10.5796859253858,0.00114337082881977,0,22,"Right-leaning"
